City_ID,City,Country,Date,Lat,Lng,Max Temp,Humidity,Cloudiness,Wind Speed
0,Narsaq,GL,2022-02-02 22:13:16,60.9167,-46.05,3.42,66,56,7.92
1,Mataura,NZ,2022-02-02 22:15:19,-46.1927,168.8643,58.48,97,100,3.96
2,Ayr,GB,2022-02-02 22:17:47,55.4627,-4.6339,50.09,93,100,16.11
3,Jamestown,US,2022-02-02 22:17:20,42.097,-79.2353,39.09,63,100,4.0
4,Rikitea,PF,2022-02-02 22:15:29,-23.1203,-134.9692,78.46,73,100,7.78
5,Dikson,RU,2022-02-02 22:17:47,73.5069,80.5464,-7.8,98,94,9.89
6,Tuktoyaktuk,CA,2022-02-02 22:17:47,69.4541,-133.0374,-22.0,76,75,13.8
7,Avarua,CK,2022-02-02 22:16:34,-21.2078,-159.775,82.45,78,75,18.41
8,Zverinogolovskoye,RU,2022-02-02 22:17:48,54.4586,64.8542,16.66,96,74,8.55
9,Upernavik,GL,2022-02-02 22:17:48,72.7868,-56.1549,-5.13,69,100,7.65
10,Snihurivka,UA,2022-02-02 22:17:49,47.0758,32.8052,33.37,99,100,3.38
11,Busselton,AU,2022-02-02 22:15:12,-33.65,115.3333,67.05,48,100,14.52
12,Port Alfred,ZA,2022-02-02 22:17:49,-33.5906,26.891,73.98,95,100,7.94
13,Vaini,TO,2022-02-02 22:17:49,-21.2,-175.2,86.16,74,40,5.75
14,Mumford,GH,2022-02-02 22:17:50,5.2618,-0.759,80.2,85,1,8.95
15,Georgetown,MY,2022-02-02 22:14:43,5.4112,100.3354,80.53,85,20,2.3
16,Punta Arenas,CL,2022-02-02 22:17:21,-53.15,-70.9167,48.31,71,75,8.05
17,Mahebourg,MU,2022-02-02 22:17:50,-20.4081,57.7,79.25,94,75,31.07
18,Necochea,AR,2022-02-02 22:16:39,-38.5473,-58.7368,84.02,49,100,11.23
19,Tahta,EG,2022-02-02 22:17:51,26.7693,31.5021,56.88,36,81,2.26
20,Vostok,RU,2022-02-02 22:17:51,46.4856,135.8833,-6.92,99,100,3.58
21,Ushuaia,AR,2022-02-02 22:17:51,-54.8,-68.3,44.26,57,75,25.32
22,Hilo,US,2022-02-02 22:17:26,19.7297,-155.09,80.33,66,75,6.91
23,Yinchuan,CN,2022-02-02 22:17:52,38.4681,106.2731,19.26,24,31,7.87
24,Barrow,US,2022-02-02 22:16:52,71.2906,-156.7887,-20.18,69,0,3.44
25,Iwanai,JP,2022-02-02 22:17:52,42.9744,140.5089,24.15,89,100,12.68
26,Hermanus,ZA,2022-02-02 22:17:53,-34.4187,19.2345,65.89,87,5,11.12
27,Port Elizabeth,ZA,2022-02-02 22:17:53,-33.918,25.5701,71.1,100,75,8.05
28,Yellowknife,CA,2022-02-02 22:13:01,62.456,-114.3525,-22.72,96,94,3.83
29,Bluff,NZ,2022-02-02 22:17:37,-46.6,168.3333,58.8,66,100,16.69
30,Wuzhou,CN,2022-02-02 22:17:53,23.4833,111.3167,42.82,91,92,4.38
31,Victoria,HK,2022-02-02 22:17:44,22.2855,114.1577,59.95,93,100,7.0
32,Hobart,AU,2022-02-02 22:15:34,-42.8794,147.3294,60.06,62,75,1.01
33,Cassilandia,BR,2022-02-02 22:17:54,-19.1133,-51.7342,74.37,91,50,5.26
34,Castro,BR,2022-02-02 22:17:54,-24.7911,-50.0119,66.94,90,32,5.3
35,Shache,CN,2022-02-02 22:17:55,38.4167,77.2406,28.8,43,100,2.42
36,Saskylakh,RU,2022-02-02 22:17:55,71.9167,114.0833,-30.41,100,28,2.59
37,Lagoa,PT,2022-02-02 22:17:55,39.05,-27.9833,58.26,73,4,7.4
38,Abu Samrah,SY,2022-02-02 22:17:56,35.3029,37.1841,48.63,56,93,10.89
39,Vao,NC,2022-02-02 22:15:33,-22.6667,167.4833,77.74,77,97,14.54
40,Albany,US,2022-02-02 22:17:36,42.6001,-73.9662,42.67,76,82,7.52
41,Monticello,US,2022-02-02 22:17:56,45.3055,-93.7941,6.67,55,0,13.8
42,Lebu,CL,2022-02-02 22:17:57,-37.6167,-73.65,63.72,79,45,11.01
43,Butaritari,KI,2022-02-02 22:17:57,3.0707,172.7902,81.73,79,29,17.83
44,Yarada,IN,2022-02-02 22:17:57,17.65,83.2667,70.12,100,20,2.3
45,Kapaa,US,2022-02-02 22:17:57,22.0752,-159.319,80.58,66,0,1.99
46,Qaanaaq,GL,2022-02-02 22:15:15,77.484,-69.3632,-14.91,81,100,6.98
47,Ayagoz,KZ,2022-02-02 22:17:58,47.9714,80.4392,0.36,83,100,9.06
48,Mar Del Plata,AR,2022-02-02 22:16:40,-38.0023,-57.5575,81.09,61,0,6.91
49,Pangnirtung,CA,2022-02-02 22:18:58,66.1451,-65.7125,6.8,78,100,23.02
50,Celestun,MX,2022-02-02 22:18:59,20.8667,-90.4,81.5,64,0,10.58
51,Pascagoula,US,2022-02-02 22:18:59,30.3658,-88.5561,65.32,99,100,9.22
52,Provideniya,RU,2022-02-02 22:18:59,64.3833,-173.3,10.51,72,75,35.79
53,Dingle,PH,2022-02-02 22:19:00,10.9995,122.6711,74.23,93,99,8.1
54,Colares,PT,2022-02-02 22:19:00,38.7992,-9.4469,56.34,67,100,1.01
55,Yulara,AU,2022-02-02 22:19:01,-25.2406,130.9889,66.04,55,100,12.66
56,Kieta,PG,2022-02-02 22:19:01,-6.2167,155.6333,82.11,77,100,8.12
57,Hithadhoo,MV,2022-02-02 22:19:01,-0.6,73.0833,81.75,70,57,5.53
58,Carnarvon,AU,2022-02-02 22:19:01,-24.8667,113.6333,77.07,88,75,11.5
59,Dandeli,IN,2022-02-02 22:19:02,15.2667,74.6167,62.47,87,0,2.39
60,Nagtipunan,PH,2022-02-02 22:19:02,16.2167,121.6,66.02,96,57,0.72
61,Mehamn,NO,2022-02-02 22:19:02,71.0357,27.8492,17.51,73,100,9.48
62,Bambous Virieux,MU,2022-02-02 22:19:03,-20.3428,57.7575,79.21,94,75,31.07
63,Ponta Do Sol,PT,2022-02-02 22:19:03,32.6667,-17.1,67.01,79,100,6.08
64,Chuy,UY,2022-02-02 22:19:04,-33.6971,-53.4616,74.48,74,0,13.22
65,Porto San Giorgio,IT,2022-02-02 22:19:04,43.1827,13.7934,48.11,70,0,2.59
66,Edson,CA,2022-02-02 22:19:04,53.5835,-116.4356,-5.66,64,75,0.0
67,Alyangula,AU,2022-02-02 22:19:05,-13.8483,136.4192,81.73,77,100,16.44
68,Wawa,NG,2022-02-02 22:19:05,9.9022,4.4192,76.98,17,86,6.49
69,Ixtapa,MX,2022-02-02 22:19:05,20.7,-105.2,74.43,64,0,10.36
70,Atuona,PF,2022-02-02 22:15:31,-9.8,-139.0333,77.59,77,92,15.05
71,Salalah,OM,2022-02-02 22:14:11,17.0151,54.0924,78.89,21,0,10.36
72,Okha,RU,2022-02-02 22:19:06,53.5739,142.9478,1.56,93,100,26.82
73,Posse,BR,2022-02-02 22:19:06,-14.0931,-46.3694,73.89,74,91,1.52
74,Kruisfontein,ZA,2022-02-02 22:19:07,-34.0033,24.7314,68.88,92,100,6.93
75,New Norfolk,AU,2022-02-02 22:19:07,-42.7826,147.0587,59.72,68,68,4.21
76,Arraial Do Cabo,BR,2022-02-02 22:19:07,-22.9661,-42.0278,76.96,94,75,3.44
77,Tortoli,IT,2022-02-02 22:19:08,39.9256,9.6572,52.83,67,0,3.89
78,Vila Velha,BR,2022-02-02 22:19:08,-20.3297,-40.2925,80.55,82,0,4.61
79,Souillac,MU,2022-02-02 22:14:57,-20.5167,57.5167,79.36,94,75,31.07
80,Nhulunbuy,AU,2022-02-02 22:19:09,-12.2333,136.7667,83.01,83,100,9.22
81,Mount Isa,AU,2022-02-02 22:19:09,-20.7333,139.5,80.37,83,100,6.91
82,Isangel,VU,2022-02-02 22:16:08,-19.55,169.2667,86.11,84,75,3.44
83,Camacha,PT,2022-02-02 22:19:09,33.0833,-16.3333,63.54,94,40,8.05
84,Tamale,GH,2022-02-02 22:15:41,9.4008,-0.8393,77.31,10,28,7.2
85,Aswan,EG,2022-02-02 22:19:10,24.0934,32.907,60.48,38,0,6.31
86,Veraval,IN,2022-02-02 22:19:10,20.9,70.3667,71.38,79,2,10.51
87,Puerto Ayora,EC,2022-02-02 22:17:58,-0.7393,-90.3518,82.36,90,37,7.0
88,Talnakh,RU,2022-02-02 22:19:11,69.4865,88.3972,-6.12,99,93,6.29
89,Karratha,AU,2022-02-02 22:19:11,-20.7377,116.8463,81.25,73,100,6.24
90,Ornskoldsvik,SE,2022-02-02 22:19:12,63.2909,18.7153,9.55,92,100,3.44
91,Suriapet,IN,2022-02-02 22:19:12,17.15,79.6167,65.32,84,3,6.26
92,Moron,AR,2022-02-02 22:15:20,-34.6534,-58.6198,88.0,52,64,9.6
93,Luderitz,NA,2022-02-02 22:20:12,-26.6481,15.1594,68.27,78,68,1.77
94,Whitehorse,CA,2022-02-02 22:16:22,60.7161,-135.0538,-3.98,71,75,8.05
95,Nanortalik,GL,2022-02-02 22:20:13,60.1432,-45.2371,6.84,67,29,7.96
96,Sao Gabriel Da Cachoeira,BR,2022-02-02 22:20:13,-0.1303,-67.0892,75.56,94,90,2.19
97,Margate,GB,2022-02-02 22:19:28,51.3813,1.3862,47.95,84,100,4.0
98,Sobolevo,RU,2022-02-02 22:20:14,54.4299,31.8996,24.35,96,100,8.46
99,Severo-Kurilsk,RU,2022-02-02 22:20:14,50.6789,156.125,27.99,79,98,6.62
100,Smithers,CA,2022-02-02 22:20:14,54.7804,-127.1743,12.52,79,75,0.0
101,Blagoyevo,RU,2022-02-02 22:20:15,63.3667,47.9167,19.2,97,100,3.51
102,Te Anau,NZ,2022-02-02 22:20:15,-45.4167,167.7167,60.03,88,100,2.89
103,Cape Town,ZA,2022-02-02 22:18:02,-33.9258,18.4232,66.11,88,40,3.0
104,Ypsonas,CY,2022-02-02 22:20:15,34.6884,32.9574,59.29,82,75,3.44
105,Kodiak,US,2022-02-02 22:17:40,57.79,-152.4072,36.91,93,100,0.0
106,Ambon,ID,2022-02-02 22:20:16,-3.6954,128.1814,75.34,88,20,3.44
107,Hasaki,JP,2022-02-02 22:20:16,35.7333,140.8333,23.4,50,36,10.02
108,Jalu,LY,2022-02-02 22:20:16,29.0331,21.5482,53.26,58,51,13.51
109,Buala,SB,2022-02-02 22:15:23,-8.145,159.5921,81.79,79,100,7.63
110,Cidreira,BR,2022-02-02 22:20:17,-30.1811,-50.2056,75.97,84,0,17.74
111,Waimana,NZ,2022-02-02 22:20:17,-38.15,177.0833,73.33,89,100,7.07
112,Rawson,AR,2022-02-02 22:20:18,-43.3002,-65.1023,75.29,38,100,10.8
113,Srednekolymsk,RU,2022-02-02 22:18:01,67.45,153.6833,-24.21,98,100,1.86
114,Iqaluit,CA,2022-02-02 22:19:41,63.7506,-68.5145,8.33,84,100,8.99
115,Conceicao Da Barra,BR,2022-02-02 22:20:18,-18.5933,-39.7322,78.01,85,86,5.14
116,Katsuura,JP,2022-02-02 22:20:19,35.1333,140.3,40.19,51,30,9.46
117,Beringovskiy,RU,2022-02-02 22:20:19,63.05,179.3167,2.34,79,79,20.11
118,Yar-Sale,RU,2022-02-02 22:20:19,66.8333,70.8333,-1.12,98,100,13.2
119,Bredasdorp,ZA,2022-02-02 22:20:20,-34.5322,20.0403,69.12,73,47,1.14
120,Quatre Cocos,MU,2022-02-02 22:20:20,-20.2078,57.7625,79.09,89,100,32.64
121,Chokurdakh,RU,2022-02-02 22:17:43,70.6333,147.9167,-19.59,97,100,6.93
122,San Rafael,AR,2022-02-02 22:16:48,-34.6177,-68.3301,85.62,34,6,9.06
123,Tabanan,ID,2022-02-02 22:20:21,-8.5413,115.1252,75.65,85,50,3.85
124,Cayenne,GF,2022-02-02 22:20:21,4.9333,-52.3333,80.1,85,75,4.0
125,Leshukonskoye,RU,2022-02-02 22:20:21,64.8989,45.7622,7.56,98,97,2.55
126,Tiarei,PF,2022-02-02 22:20:22,-17.5333,-149.3333,87.82,77,11,19.73
127,Presidencia Roque Saenz Pena,AR,2022-02-02 22:20:22,-26.7852,-60.4388,99.41,18,67,4.65
128,Paamiut,GL,2022-02-02 22:17:14,61.994,-49.6678,7.27,65,100,16.46
129,Lavrentiya,RU,2022-02-02 22:20:22,65.5833,-171.0,0.23,69,0,22.32
130,Luanda,AO,2022-02-02 22:20:23,-8.8368,13.2343,76.24,75,19,10.2
131,Inhambane,MZ,2022-02-02 22:20:23,-23.865,35.3833,76.39,84,14,7.16
132,Dakoro,NE,2022-02-02 22:20:23,14.5106,6.765,64.11,10,5,10.92
133,Half Moon Bay,US,2022-02-02 22:20:24,37.4636,-122.4286,64.72,29,0,4.0
134,Marrakesh,MA,2022-02-02 22:17:36,31.6315,-8.0083,62.67,31,69,2.3
135,Santo Domingo,DO,2022-02-02 22:15:56,18.5001,-69.9886,82.04,74,20,3.0
136,Mopti,ML,2022-02-02 22:21:25,14.6667,-4.0,73.24,13,0,10.11
137,Walvis Bay,NA,2022-02-02 22:21:25,-22.9575,14.5053,69.1,74,2,9.22
138,Coruripe,BR,2022-02-02 22:21:25,-10.1256,-36.1756,80.13,75,14,12.21
139,Namibe,AO,2022-02-02 22:21:26,-15.1961,12.1522,73.0,70,83,10.69
140,Olafsvik,IS,2022-02-02 22:18:23,64.8945,-23.7142,30.33,55,98,6.91
141,Kizukuri,JP,2022-02-02 22:17:57,40.8061,140.3861,29.1,63,93,13.38
142,Clyde River,CA,2022-02-02 22:21:26,70.4692,-68.5914,-16.37,76,100,6.91
143,Pasco,US,2022-02-02 22:21:27,28.292,-82.4165,80.85,46,59,1.99
144,Longyearbyen,SJ,2022-02-02 22:20:20,78.2186,15.6401,15.64,73,0,16.11
145,Faanui,PF,2022-02-02 22:21:27,-16.4833,-151.75,81.01,73,20,20.0
146,Fortuna,US,2022-02-02 22:21:27,40.5982,-124.1573,58.19,72,0,1.99
147,San Patricio,US,2022-02-02 22:21:28,28.017,-97.5169,79.48,70,94,14.38
148,Rio Grande,BR,2022-02-02 22:21:28,-32.035,-52.0986,75.15,80,0,18.43
149,Port Augusta,AU,2022-02-02 22:21:28,-32.5,137.7667,64.71,53,0,14.07
150,Port Hardy,CA,2022-02-02 22:19:14,50.6996,-127.4199,37.58,93,100,14.97
151,Waingapu,ID,2022-02-02 22:21:29,-9.6567,120.2641,78.26,81,19,9.08
152,Aksarka,RU,2022-02-02 22:21:29,66.5606,67.7975,5.7,96,100,5.48
153,Havre-Saint-Pierre,CA,2022-02-02 22:21:29,50.2334,-63.5986,26.6,86,100,13.8
154,Nuevo Ideal,MX,2022-02-02 22:21:30,24.8875,-105.0728,67.21,27,27,22.82
155,San Mateo Ixtatan,GT,2022-02-02 22:21:30,15.8319,-91.4781,71.15,82,56,1.5
156,Balabac,PH,2022-02-02 22:21:30,7.9868,117.0645,80.19,80,85,14.7
157,Sumenep,ID,2022-02-02 22:21:31,-7.0167,113.8667,75.33,89,98,9.91
158,Port Macquarie,AU,2022-02-02 22:21:31,-31.4333,152.9167,68.9,100,75,11.5
159,Tasiilaq,GL,2022-02-02 22:17:57,65.6145,-37.6368,15.96,78,100,4.16
160,Esperance,AU,2022-02-02 22:21:32,-33.8667,121.9,60.71,72,2,12.15
161,Bengkulu,ID,2022-02-02 22:18:05,-3.8004,102.2655,76.28,88,97,4.34
162,Bonnyville,CA,2022-02-02 22:21:32,54.2668,-110.735,-10.57,87,53,10.29
163,Saint-Philippe,RE,2022-02-02 22:21:33,-21.3585,55.7679,80.19,94,100,34.09
164,San Quintin,MX,2022-02-02 22:21:33,30.4833,-115.95,61.68,55,0,11.18
165,Kondol,RU,2022-02-02 22:20:20,52.8189,45.058,29.26,99,100,5.48
166,East London,ZA,2022-02-02 22:21:33,-33.0153,27.9116,74.89,94,59,11.56
167,Wajid,SO,2022-02-02 22:21:34,3.8093,43.2471,80.65,37,86,11.18
168,Cherskiy,RU,2022-02-02 22:19:36,68.75,161.3,-14.87,65,62,0.54
169,Nantucket,US,2022-02-02 22:18:00,41.2835,-70.0995,44.15,94,100,9.91
170,Long Beach,US,2022-02-02 22:21:20,33.767,-118.1892,68.63,22,0,3.0
171,Samana,DO,2022-02-02 22:21:34,19.2056,-69.3369,78.76,88,10,7.29
172,Srandakan,ID,2022-02-02 22:21:35,-7.9386,110.2506,60.73,85,100,4.83
173,Bodden Town,KY,2022-02-02 22:21:35,19.2833,-81.25,82.0,73,20,7.0
174,Cabo San Lucas,MX,2022-02-02 22:19:37,22.8909,-109.9124,76.6,56,20,5.01
175,Tomatlan,MX,2022-02-02 22:21:35,19.9333,-105.25,82.85,35,0,10.45
176,Tigzirt,DZ,2022-02-02 22:21:36,36.8886,4.1198,53.92,57,0,7.9
177,Mawlamyine,MM,2022-02-02 22:21:36,16.4914,97.6256,64.92,60,7,4.12
178,Batagay,RU,2022-02-02 22:21:36,67.6333,134.6333,-33.52,99,76,3.36
179,Severomuysk,RU,2022-02-02 22:21:37,56.1481,113.4267,-26.25,98,54,4.79
180,Cascais,PT,2022-02-02 22:21:37,38.6979,-9.4215,56.52,69,97,1.01
181,Andrews,US,2022-02-02 22:21:37,32.3187,-102.5457,31.28,87,100,13.8
182,Odweyne,SO,2022-02-02 22:21:38,9.4092,45.064,67.46,46,66,13.67
183,Praia Da Vitoria,PT,2022-02-02 22:21:38,38.7333,-27.0667,57.76,88,40,9.01
184,Muravlenko,RU,2022-02-02 22:22:38,63.7898,74.523,11.82,95,100,11.72
185,Mount Gambier,AU,2022-02-02 22:21:56,-37.8333,140.7667,58.59,63,100,9.33
186,Beloha,MG,2022-02-02 22:22:39,-25.1667,45.05,73.24,73,0,16.44
187,Airai,TL,2022-02-02 22:22:17,-8.9266,125.4092,60.66,89,100,2.35
188,Shenjiamen,CN,2022-02-02 22:22:39,29.9576,122.298,44.69,77,100,18.97
189,Sitka,US,2022-02-02 22:22:39,57.0531,-135.33,39.09,87,100,5.75
190,Pevek,RU,2022-02-02 22:22:40,69.7008,170.3133,-8.43,76,30,4.92
191,Saldanha,ZA,2022-02-02 22:22:40,-33.0117,17.9442,66.25,86,79,6.91
192,Trenggalek,ID,2022-02-02 22:22:40,-8.05,111.7167,74.84,90,88,1.52
193,Torbay,CA,2022-02-02 22:21:47,47.6666,-52.7314,24.76,85,20,8.05
194,Taksimo,RU,2022-02-02 22:22:41,56.3444,114.8794,-21.55,92,18,2.75
195,Naze,JP,2022-02-02 22:22:41,28.3667,129.4833,56.32,90,100,23.0
196,Punta Alta,AR,2022-02-02 22:22:42,-38.8759,-62.0736,83.95,41,99,3.33
197,Codrington,AU,2022-02-02 22:22:42,-38.2667,141.9667,59.04,65,86,13.62
198,Coihaique,CL,2022-02-02 22:22:42,-45.5752,-72.0662,67.95,52,40,6.91
199,Ginda,IN,2022-02-02 22:22:42,30.6945,78.4932,41.05,80,100,5.5
200,Ofunato,JP,2022-02-02 22:22:43,39.0717,141.7167,30.22,70,13,10.4
201,Gat,IL,2022-02-02 22:22:43,31.61,34.7642,59.4,55,98,4.45
202,Guerrero Negro,MX,2022-02-02 22:21:46,27.9769,-114.0611,64.27,49,3,13.02
203,Karamadai,IN,2022-02-02 22:19:04,11.2406,76.9601,73.78,71,4,1.9
204,Nieuwpoort,BE,2022-02-02 22:22:44,51.1244,2.7735,48.54,93,75,10.36
205,Tautira,PF,2022-02-02 22:22:44,-17.7333,-149.15,87.82,77,16,17.43
206,Tadine,NC,2022-02-02 22:22:44,-21.55,167.8833,81.07,78,96,9.42
207,Danane,CI,2022-02-02 22:22:45,7.2596,-8.155,69.91,25,34,1.79
208,Laguna,US,2022-02-02 22:22:45,38.421,-121.4238,62.47,28,0,8.99
209,Mattawa,US,2022-02-02 22:22:45,46.7379,-119.9028,40.01,54,99,4.41
210,Mafinga,TZ,2022-02-02 22:22:46,-7.25,35.0667,66.27,96,100,4.52
211,Pisco,PE,2022-02-02 22:21:14,-13.7,-76.2167,77.05,57,0,20.71
212,Nikolskoye,RU,2022-02-02 22:19:38,59.7035,30.7861,22.89,98,99,1.1
213,Krasnyy Chikoy,RU,2022-02-02 22:22:46,50.3643,108.7512,-9.17,100,100,1.92
214,Lompoc,US,2022-02-02 22:21:16,34.6391,-120.4579,65.79,20,0,14.97
215,Ostrovnoy,RU,2022-02-02 22:21:09,68.0531,39.5131,20.82,91,100,15.01
216,Kodinsk,RU,2022-02-02 22:22:47,58.6881,99.1844,-4.29,100,100,2.89
217,Lorengau,PG,2022-02-02 22:20:59,-2.0226,147.2712,79.75,80,100,11.45
218,Machali,CL,2022-02-02 22:22:47,-34.1833,-70.6667,81.68,36,0,10.6
219,Baruun-Urt,MN,2022-02-02 22:22:47,46.6806,113.2792,-11.6,94,68,3.47
220,Wewak,PG,2022-02-02 22:22:48,-3.5534,143.6268,77.92,85,100,5.28
221,Gushikawa,JP,2022-02-02 22:22:48,26.3544,127.8686,67.62,95,100,12.66
222,Kamennomostskiy,RU,2022-02-02 22:22:48,44.2983,40.1856,36.88,87,100,5.75
223,Belmonte,BR,2022-02-02 22:19:34,-15.8631,-38.8828,81.1,80,100,7.34
224,Monrovia,LR,2022-02-02 22:20:00,6.3005,-10.7969,76.77,82,11,8.01
225,Pochutla,MX,2022-02-02 22:22:49,15.7432,-96.4661,85.82,47,0,9.6
226,Verkhnevilyuysk,RU,2022-02-02 22:22:49,63.4453,120.3167,-20.94,98,100,4.65
227,Taki,IN,2022-02-02 22:22:50,22.5861,88.9214,66.15,75,0,2.75
228,Senai,MY,2022-02-02 22:22:50,1.5937,103.6482,78.82,94,54,4.34
229,Pak Phanang,TH,2022-02-02 22:22:50,8.3511,100.202,78.08,83,55,7.45
230,Norman Wells,CA,2022-02-02 22:22:51,65.282,-126.8329,-21.96,69,75,13.8
231,Dzilam Gonzalez,MX,2022-02-02 22:23:51,21.2833,-88.9333,87.13,47,0,8.52
232,Kaitangata,NZ,2022-02-02 22:23:51,-46.2817,169.8464,54.36,95,100,4.99
233,Cabedelo,BR,2022-02-02 22:23:52,-6.9811,-34.8339,81.27,72,48,13.2
234,Kitimat,CA,2022-02-02 22:19:37,54.0524,-128.6534,19.78,98,100,2.35
235,Saint George,US,2022-02-02 22:23:52,37.1041,-113.5841,43.63,18,0,8.99
236,Khatanga,RU,2022-02-02 22:21:39,71.9667,102.5,-36.9,98,47,1.25
237,Eureka,US,2022-02-02 22:23:52,40.8021,-124.1637,57.74,74,56,10.0
238,Hirado,JP,2022-02-02 22:23:53,33.3597,129.5531,42.39,55,100,13.42
239,Aklavik,CA,2022-02-02 22:23:53,68.2191,-135.0107,-22.0,76,75,2.3
240,Ariquemes,BR,2022-02-02 22:23:53,-9.9133,-63.0408,76.28,94,99,1.95
241,Alofi,NU,2022-02-02 22:23:54,-19.0595,-169.9187,78.69,78,75,9.22
242,Bilibino,RU,2022-02-02 22:23:54,68.0546,166.4372,-7.58,63,61,5.14
243,Atar,MR,2022-02-02 22:23:54,20.5169,-13.0499,75.31,19,0,9.1
244,Broome,US,2022-02-02 22:23:55,42.2506,-75.833,41.45,69,75,1.01
245,Beidao,CN,2022-02-02 22:23:55,34.5686,105.8933,20.64,92,70,1.43
246,Newnan,US,2022-02-02 22:23:55,33.3807,-84.7997,65.59,68,75,1.01
247,Mitsamiouli,KM,2022-02-02 22:23:56,-11.3847,43.2844,81.14,75,80,1.5
248,Voznesenye,RU,2022-02-02 22:23:56,61.0106,35.4781,6.85,98,100,4.27
249,George Town,MY,2022-02-02 22:21:25,5.4112,100.3354,80.53,89,20,3.44
250,Luzhou,CN,2022-02-02 22:23:56,28.8724,105.4405,39.65,91,35,1.12
251,Udachnyy,RU,2022-02-02 22:23:57,66.4167,112.4,-32.73,100,45,3.15
252,Sao Jose Da Coroa Grande,BR,2022-02-02 22:22:23,-8.8978,-35.1478,80.44,76,27,10.78
253,Vestmannaeyjar,IS,2022-02-02 22:23:57,63.4427,-20.2734,31.32,72,100,10.22
254,Sawakin,SD,2022-02-02 22:23:57,19.1059,37.3321,70.99,71,7,4.79
255,Ajdabiya,LY,2022-02-02 22:23:58,30.7554,20.2263,53.53,67,35,18.9
256,Nago,JP,2022-02-02 22:23:58,26.5881,127.9761,68.45,88,68,8.25
257,Micheweni,TZ,2022-02-02 22:23:58,-4.9667,39.8333,80.13,81,100,9.55
258,Kirakira,SB,2022-02-02 22:23:59,-10.4544,161.9205,82.31,80,100,7.63
259,Roald,NO,2022-02-02 22:20:19,62.5833,6.1333,35.74,75,20,9.22
260,Fort Nelson,CA,2022-02-02 22:19:39,58.8053,-122.7002,-6.21,77,100,6.91
261,Gizo,SB,2022-02-02 22:23:59,-8.103,156.8419,82.49,78,100,15.26
262,Saint Andrews,US,2022-02-02 22:24:00,34.0454,-81.1293,63.99,51,75,10.36
263,Weihai,CN,2022-02-02 22:24:00,37.5017,122.1136,30.54,48,1,4.41
264,Bowen,AU,2022-02-02 22:24:00,-20.0167,148.2333,82.62,77,100,2.21
265,Pareora,NZ,2022-02-02 22:24:01,-44.4871,171.2132,65.17,97,99,16.91
266,Thompson,CA,2022-02-02 22:24:01,55.7435,-97.8558,-9.24,59,20,12.66
267,Kulachi,PK,2022-02-02 22:24:01,31.9286,70.4592,56.1,54,32,8.19
268,Deputatskiy,RU,2022-02-02 22:24:02,69.3,139.9,-24.23,93,23,6.13
269,Simav,TR,2022-02-02 22:24:02,39.0882,28.9777,38.46,97,100,10.07
270,Verkhnechusovskiye Gorodki,RU,2022-02-02 22:24:02,58.1671,57.1086,26.35,94,100,7.09
271,Kochi,IN,2022-02-02 22:21:38,9.9399,76.2602,76.91,94,25,6.51
272,Ilo,PE,2022-02-02 22:24:03,-17.6394,-71.3375,71.94,77,4,8.9
273,Kavieng,PG,2022-02-02 22:22:12,-2.5744,150.7967,78.42,84,100,13.67
274,Baker City,US,2022-02-02 22:24:03,44.7749,-117.8344,28.81,59,100,0.0
275,Riyadh,SA,2022-02-02 22:23:49,24.6877,46.7219,51.94,36,0,5.73
276,Caluquembe,AO,2022-02-02 22:24:04,-13.7833,14.6833,60.37,67,41,6.6
277,Abha,SA,2022-02-02 22:25:04,18.2164,42.5053,53.42,54,0,0.0
278,Diffa,NE,2022-02-02 22:23:34,13.3154,12.6113,65.19,15,82,8.61
279,Brae,GB,2022-02-02 22:25:04,60.3964,-1.353,46.31,90,100,9.08
280,Nurobod,UZ,2022-02-02 22:25:05,40.9056,69.8023,31.05,77,68,5.3
281,Porbandar,IN,2022-02-02 22:25:05,21.6422,69.6093,72.0,80,4,14.0
282,Grindavik,IS,2022-02-02 22:25:05,63.8424,-22.4338,25.27,63,75,3.44
283,Sayyan,YE,2022-02-02 22:25:06,15.1718,44.3244,50.92,58,73,4.38
284,Zhezkazgan,KZ,2022-02-02 22:25:06,47.8043,67.7144,1.71,90,11,5.97
285,Turbat,PK,2022-02-02 22:25:06,26.0023,63.044,62.8,18,0,34.81
286,Kaeo,NZ,2022-02-02 22:25:07,-35.1,173.7833,74.32,84,100,11.61
287,Lincoln,US,2022-02-02 22:24:52,40.8,-96.667,18.84,38,75,3.0
288,Kongolo,CD,2022-02-02 22:25:07,-5.3833,27.0,69.35,95,100,2.19
289,Labrea,BR,2022-02-02 22:25:07,-7.2586,-64.7981,74.35,99,100,2.19
290,Bridlington,GB,2022-02-02 22:25:08,54.0831,-0.1919,48.88,89,100,15.93
291,Waterfoot,GB,2022-02-02 22:25:08,53.6929,-2.2525,47.55,94,100,1.99
292,Ribeira Grande,PT,2022-02-02 22:25:08,38.5167,-28.7,59.7,74,8,9.42
293,Sistranda,NO,2022-02-02 22:25:09,63.7256,8.834,31.96,73,92,19.26
294,Mala,PE,2022-02-02 22:25:09,-12.6581,-76.6308,73.76,74,10,9.15
295,Mahanoro,MG,2022-02-02 22:25:09,-19.9,48.8,73.96,88,100,11.88
296,Bonavista,CA,2022-02-02 22:25:10,48.6499,-53.1147,25.12,69,28,18.88
297,Bilma,NE,2022-02-02 22:25:10,18.6853,12.9164,61.74,17,0,13.44
298,Bakau,GM,2022-02-02 22:25:10,13.4781,-16.6819,73.26,84,81,8.88
299,Kushiro,JP,2022-02-02 22:25:11,42.975,144.3747,14.95,79,40,4.61
300,Qaqortoq,GL,2022-02-02 22:24:58,60.7167,-46.0333,3.7,69,56,7.52
301,Natchez,US,2022-02-02 22:25:11,31.5604,-91.4032,70.02,66,75,3.44
302,Safford,US,2022-02-02 22:25:11,32.834,-109.7076,54.1,36,87,12.15
303,Gladstone,AU,2022-02-02 22:25:12,-23.85,151.25,76.78,88,40,4.61
304,Pahrump,US,2022-02-02 22:25:12,36.2083,-115.9839,48.25,14,0,5.99
305,Tamboril,DO,2022-02-02 22:24:45,19.4854,-70.611,75.97,83,75,0.0
306,Paragominas,BR,2022-02-02 22:25:12,-2.9667,-47.4833,73.04,96,55,4.68
307,Boa Vista,BR,2022-02-02 22:25:13,2.8197,-60.6733,89.58,45,20,12.66
308,Leningradskiy,RU,2022-02-02 22:25:13,69.3833,178.4167,-14.39,95,30,9.86
309,Lasa,IT,2022-02-02 22:22:32,46.6166,10.7002,43.54,94,77,8.19
310,Rockland,US,2022-02-02 22:25:14,41.1668,-74.0496,43.52,85,100,0.27
311,Moyale,KE,2022-02-02 22:25:14,3.5167,39.0584,72.84,45,100,7.34
312,Biak,ID,2022-02-02 22:25:14,-0.9131,122.8766,76.21,77,100,5.23
313,Kelvington,CA,2022-02-02 22:25:15,52.1667,-103.5343,-20.54,94,12,6.02
314,Husavik,IS,2022-02-02 22:20:22,66.0449,-17.3389,17.51,91,99,5.86
315,Burgas,BG,2022-02-02 22:24:00,42.5061,27.4678,33.91,99,100,5.75
316,Kargil,IN,2022-02-02 22:25:15,34.5667,76.1,2.98,99,100,2.01
317,Richards Bay,ZA,2022-02-02 22:25:15,-28.783,32.0377,77.34,82,6,15.05
318,Dwarka,IN,2022-02-02 22:25:16,22.2394,68.9678,72.79,82,4,18.92
319,Chimbote,PE,2022-02-02 22:25:16,-9.0853,-78.5783,74.59,70,52,12.75
320,Ishigaki,JP,2022-02-02 22:25:16,24.3448,124.1572,68.13,94,75,6.91
321,Vardo,NO,2022-02-02 22:20:49,70.3705,31.1107,23.2,58,100,17.4
322,Priekule,LV,2022-02-02 22:25:17,56.4468,21.5897,25.99,92,82,1.28
323,Olga,RU,2022-02-02 22:25:17,43.7444,135.2892,11.59,57,38,12.26
324,Vulpeni,RO,2022-02-02 22:25:18,44.4667,23.9167,31.44,86,0,8.05
325,Klaksvik,FO,2022-02-02 22:20:52,62.2266,-6.589,40.12,77,100,13.27
326,Berlevag,NO,2022-02-02 22:26:18,70.8578,29.0864,19.2,65,100,11.77
327,Araouane,ML,2022-02-02 22:26:18,18.9048,-3.5265,65.66,13,72,12.15
328,Guiratinga,BR,2022-02-02 22:26:19,-16.3494,-53.7583,74.66,89,45,3.98
329,Katsina,NG,2022-02-02 22:26:19,12.9894,7.6006,64.44,10,78,9.75
330,Nador,MA,2022-02-02 22:26:19,35.174,-2.9287,55.65,71,0,4.61
331,Hualmay,PE,2022-02-02 22:26:20,-11.0964,-77.6139,74.75,70,4,13.62
332,Fonte Boa,BR,2022-02-02 22:26:20,-2.4959,-66.2662,76.51,95,100,2.06
333,Nyurba,RU,2022-02-02 22:26:20,63.2842,118.3319,-33.93,100,81,3.4
334,Flin Flon,CA,2022-02-02 22:26:21,54.7682,-101.865,-11.36,53,0,12.66
335,Qostanay,KZ,2022-02-02 22:26:21,53.1667,63.5833,19.18,96,100,7.54
336,Tasgaon,IN,2022-02-02 22:26:21,17.0333,74.6,67.78,46,7,6.38
337,Zaragoza,ES,2022-02-02 22:23:02,41.6561,-0.8773,52.02,52,0,3.0
338,Qasigiannguit,GL,2022-02-02 22:26:22,68.8193,-51.1922,-0.15,66,57,12.1
339,San Cristobal,VE,2022-02-02 22:26:22,7.7669,-72.225,78.98,30,19,5.64
340,Kikwit,CD,2022-02-02 22:26:23,-5.041,18.8162,71.82,94,100,1.79
341,Carutapera,BR,2022-02-02 22:26:23,-1.195,-46.02,76.12,90,100,8.28
342,Oxford,GB,2022-02-02 22:22:09,51.7522,-1.256,48.79,84,100,9.22
343,Mamit,IN,2022-02-02 22:26:23,23.9333,92.4833,47.34,74,1,2.93
344,Port Blair,IN,2022-02-02 22:26:24,11.6667,92.75,77.04,78,20,4.61
345,Taraz,KZ,2022-02-02 22:26:24,42.9,71.3667,32.41,93,100,13.42
346,Novoagansk,RU,2022-02-02 22:26:24,61.9449,76.6625,17.55,93,100,9.37
347,Ropczyce,PL,2022-02-02 22:26:25,50.0523,21.6089,35.82,90,100,14.34
348,Coahuayana,MX,2022-02-02 22:26:25,18.7333,-103.6833,85.48,37,0,6.98
349,Havelock,US,2022-02-02 22:26:25,34.8791,-76.9013,60.78,70,58,1.99
350,Morwell,AU,2022-02-02 22:26:26,-38.2333,146.4,60.91,73,99,4.81
351,Ust-Maya,RU,2022-02-02 22:26:26,60.4167,134.5333,-22.34,97,100,1.34
352,Jumla,NP,2022-02-02 22:25:56,29.2747,82.1838,36.41,92,87,4.32
353,Aviles,ES,2022-02-02 22:26:26,43.5547,-5.9248,53.19,84,0,1.99
354,Vila Franca Do Campo,PT,2022-02-02 22:26:27,37.7167,-25.4333,58.19,79,22,8.84
355,Pangkalanbuun,ID,2022-02-02 22:25:59,-2.6833,111.6167,72.61,98,100,1.41
356,Ancud,CL,2022-02-02 22:26:27,-41.8697,-73.8203,68.23,76,96,7.07
357,Nongpoh,IN,2022-02-02 22:26:28,25.9,91.8833,45.97,75,25,2.71
358,Hami,CN,2022-02-02 22:26:28,42.8,93.45,21.58,35,2,1.88
359,Bathsheba,BB,2022-02-02 22:26:28,13.2167,-59.5167,79.41,73,20,16.11
360,Santa Rosa,PH,2022-02-02 22:26:28,14.3122,121.1114,78.78,76,85,8.3
361,Tarata,BO,2022-02-02 22:26:29,-17.6167,-66.0167,65.62,58,97,5.21
362,Stonehaven,GB,2022-02-02 22:26:29,56.9637,-2.2118,50.52,88,100,10.36
363,Umm Lajj,SA,2022-02-02 22:26:29,25.0213,37.2685,69.12,50,0,6.35
364,Evora,PT,2022-02-02 22:26:30,38.5667,-7.9,49.14,60,74,3.42
365,Dajal,PK,2022-02-02 22:26:30,29.5577,70.3762,61.0,36,22,22.7
366,Taupo,NZ,2022-02-02 22:26:30,-38.6833,176.0833,75.24,58,100,5.5
367,Bull Savanna,JM,2022-02-02 22:26:31,17.8868,-77.5902,78.13,69,3,14.81
368,Macenta,GN,2022-02-02 22:26:31,8.5435,-9.471,69.98,19,30,2.73
369,Saint Anthony,US,2022-02-02 22:26:31,45.0205,-93.218,6.82,53,0,5.99
370,Huarmey,PE,2022-02-02 22:26:32,-10.0681,-78.1522,75.13,71,59,12.8
371,Tessalit,ML,2022-02-02 22:24:45,20.1986,1.0114,63.05,12,0,10.54
372,Broken Hill,AU,2022-02-02 22:26:32,-31.95,141.4333,58.71,55,0,24.16
373,Luwuk,ID,2022-02-02 22:27:33,-0.9516,122.7875,77.27,78,100,4.65
374,Berkak,NO,2022-02-02 22:27:33,62.825,10.0118,19.8,91,100,7.07
375,Constitucion,CL,2022-02-02 22:27:33,-35.3333,-72.4167,64.42,73,31,8.59
376,Darnetal,FR,2022-02-02 22:27:33,49.4453,1.1514,48.36,78,100,6.91
377,Iracoubo,GF,2022-02-02 22:27:34,5.4802,-53.2011,78.46,82,60,12.55
378,Yeppoon,AU,2022-02-02 22:25:26,-23.1333,150.7333,74.98,86,100,2.21
379,Opuwo,NA,2022-02-02 22:22:37,-18.0607,13.84,66.02,57,49,7.25
380,La Dolorita,VE,2022-02-02 22:27:34,10.4883,-66.7861,71.04,83,46,3.2
381,Sambava,MG,2022-02-02 22:27:35,-14.2667,50.1667,76.59,83,100,3.87
382,Caravelas,BR,2022-02-02 22:26:08,-17.7125,-39.2481,78.42,84,100,5.35
383,Livingston,GB,2022-02-02 22:27:35,55.9029,-3.5226,48.47,92,75,14.97
384,Muros,ES,2022-02-02 22:27:35,42.7762,-9.0603,55.24,83,100,7.81
385,Pontianak,ID,2022-02-02 22:27:36,-0.0333,109.3333,75.18,94,40,3.44
386,Port Keats,AU,2022-02-02 22:27:36,-14.25,129.55,80.74,78,76,10.92
387,Along,IN,2022-02-02 22:27:36,28.1667,94.7667,47.3,91,33,1.9
388,Benjamin Constant,BR,2022-02-02 22:27:37,-4.3831,-70.0311,75.33,94,75,6.91
389,Scarborough,GB,2022-02-02 22:27:37,54.2797,-0.4044,49.08,87,100,4.0
390,Lerwick,GB,2022-02-02 22:27:37,60.1545,-1.1494,46.4,88,100,9.73
391,Conchas,BR,2022-02-02 22:27:38,-23.0153,-48.0106,72.01,89,100,4.88
392,Tura,IN,2022-02-02 22:27:38,25.5198,90.2201,59.99,52,80,3.89
393,Victor Harbor,AU,2022-02-02 22:27:38,-35.5667,138.6167,64.0,69,98,1.99
394,Mucuri,BR,2022-02-02 22:27:39,-18.0864,-39.5508,79.32,85,92,8.43
395,Yazman,PK,2022-02-02 22:27:39,29.1212,71.7446,60.24,40,5,18.99
396,Antofagasta,CL,2022-02-02 22:23:13,-23.65,-70.4,69.28,73,7,10.56
397,Ordynskoye,RU,2022-02-02 22:27:39,54.3656,81.8994,10.96,98,100,2.98
398,Ahuimanu,US,2022-02-02 22:27:40,21.4447,-157.8378,81.86,62,40,4.0
399,Shingu,JP,2022-02-02 22:27:40,33.7333,135.9833,44.91,74,98,5.21
400,Palaia Fokaia,GR,2022-02-02 22:27:40,37.72,23.9463,47.97,77,98,20.49
401,Goderich,CA,2022-02-02 22:24:29,43.7501,-81.7165,27.91,93,100,12.66
402,Dudinka,RU,2022-02-02 22:27:41,69.4058,86.1778,-11.92,100,96,4.56
403,Okhotsk,RU,2022-02-02 22:27:41,59.3833,143.3,7.0,75,100,15.39
404,Balakliya,UA,2022-02-02 22:27:41,49.4627,36.8595,31.03,99,100,2.37
405,Geraldton,AU,2022-02-02 22:27:42,-28.7667,114.6,84.61,18,0,20.71
406,Zelenogorskiy,RU,2022-02-02 22:27:42,55.0333,87.0,12.72,99,92,2.44
407,Dicabisagan,PH,2022-02-02 22:27:42,17.0818,122.4157,73.27,82,70,2.73
408,Campina Verde,BR,2022-02-02 22:27:43,-19.5356,-49.4864,72.84,92,76,5.23
409,Bonfim,BR,2022-02-02 22:27:43,3.0833,-59.95,88.68,42,86,11.12
410,Nishihara,JP,2022-02-02 22:27:43,26.1842,127.7558,67.68,97,100,6.91
411,Taywarah,AF,2022-02-02 22:27:44,33.35,64.4167,1.6,89,21,5.17
412,Zhangzhou,CN,2022-02-02 22:27:44,24.5133,117.6556,53.53,97,100,0.92
413,Taber,CA,2022-02-02 22:27:44,49.8167,-112.1518,3.2,69,73,17.27
414,Port Hedland,AU,2022-02-02 22:26:03,-20.3167,118.5667,77.05,100,96,5.75
415,Baykit,RU,2022-02-02 22:27:45,61.67,96.37,-0.04,99,100,1.92
416,Lashio,MM,2022-02-02 22:27:45,22.9333,97.75,43.25,84,0,1.63
417,Saint-Francois,FR,2022-02-02 22:27:46,46.4154,3.9054,43.41,99,100,1.14
418,Dombarovskiy,RU,2022-02-02 22:27:46,50.7587,59.5386,17.08,90,100,8.3
419,Port Lincoln,AU,2022-02-02 22:25:05,-34.7333,135.8667,63.91,72,19,15.55
420,Manjacaze,MZ,2022-02-02 22:28:46,-24.7117,33.8828,73.26,83,6,6.98
421,Matamoros,MX,2022-02-02 22:25:14,25.5333,-103.25,84.31,14,75,9.22
422,Sao Francisco,BR,2022-02-02 22:28:47,-15.9486,-44.8644,76.68,79,100,4.88
423,Alice Springs,AU,2022-02-02 22:28:47,-23.7,133.8833,65.75,88,100,11.5
424,Poum,NC,2022-02-02 22:28:47,-20.2333,164.0167,79.95,76,0,6.82
425,Chake Chake,TZ,2022-02-02 22:28:48,-5.2459,39.7666,78.12,84,100,6.93
426,Falam,MM,2022-02-02 22:28:48,22.9167,93.6833,40.91,66,0,2.89
427,Bubaque,GW,2022-02-02 22:28:49,11.2833,-15.8333,77.97,85,15,13.56
428,Iquitos,PE,2022-02-02 22:28:49,-3.7481,-73.2472,80.64,83,75,5.75
429,Ketchikan,US,2022-02-02 22:28:49,55.3422,-131.6461,37.38,100,100,4.61
430,Polyarnyy,RU,2022-02-02 22:28:49,69.1989,33.4478,1.87,92,100,3.36
431,Salekhard,RU,2022-02-02 22:28:50,66.53,66.6019,1.94,97,100,6.06
432,Aberdeen,GB,2022-02-02 22:28:50,57.1437,-2.0981,50.49,82,100,5.75
433,Mackay,AU,2022-02-02 22:28:51,-21.15,149.2,85.68,79,40,5.75
434,Klamath Falls,US,2022-02-02 22:28:51,42.2249,-121.7817,41.97,50,0,1.99
435,Termoli,IT,2022-02-02 22:28:51,41.9888,14.9895,41.58,72,0,9.13
436,Karatuzskoye,RU,2022-02-02 22:28:51,53.6072,92.8667,-9.92,100,99,0.92
437,Las Palmas,ES,2022-02-02 22:28:52,28.4204,-14.0131,68.79,40,0,8.05
438,Liverpool,GB,2022-02-02 22:26:52,53.4106,-2.9779,49.68,87,100,1.01
439,Dunedin,NZ,2022-02-02 22:24:15,-45.8742,170.5036,55.94,94,100,12.44
440,Wilmington,US,2022-02-02 22:25:11,34.2257,-77.9447,60.94,73,100,6.91
441,Hirara,JP,2022-02-02 22:28:20,24.8,125.2833,70.07,88,75,6.91
442,Marystown,CA,2022-02-02 22:25:28,47.1666,-55.1483,25.86,100,32,9.17
443,Bethel,US,2022-02-02 22:28:53,41.3712,-73.414,41.83,65,100,1.14
444,Axim,GH,2022-02-02 22:28:53,4.8699,-2.2405,80.33,81,9,9.82
445,Cockburn Town,TC,2022-02-02 22:28:42,21.4612,-71.1419,73.36,83,75,16.11
446,Popondetta,PG,2022-02-02 22:28:54,-8.7537,148.2534,79.09,77,100,0.89
447,Dubravica,BA,2022-02-02 22:28:54,44.4419,18.1181,31.8,93,97,2.89
448,Sopur,IN,2022-02-02 22:28:54,34.3,74.4667,33.31,96,100,2.48
449,Clonakilty,IE,2022-02-02 22:28:55,51.6231,-8.8706,46.09,90,100,11.36
450,Flinders,AU,2022-02-02 22:28:55,-34.5833,150.8552,69.19,69,80,13.0
451,Sibu,MY,2022-02-02 22:28:55,2.3,111.8167,75.51,100,20,2.3
452,Xuchang,CN,2022-02-02 22:28:56,34.0167,113.8167,31.08,55,89,5.1
453,Hokitika,NZ,2022-02-02 22:28:56,-42.7167,170.9667,66.13,98,100,15.46
454,Hamilton,US,2022-02-02 22:28:56,39.1834,-84.5333,45.23,95,100,0.0
455,Coquimbo,CL,2022-02-02 22:28:57,-29.9533,-71.3436,67.73,72,0,9.22
456,The Pas,CA,2022-02-02 22:28:57,53.8251,-101.2541,-11.18,53,0,11.5
457,Yaan,NG,2022-02-02 22:28:57,7.3833,8.5667,82.29,14,4,4.25
458,Huanren,CN,2022-02-02 22:28:58,41.2647,125.3667,1.87,93,5,0.27
459,Changji,CN,2022-02-02 22:28:58,44.0167,87.3167,0.39,85,75,2.24
460,Quballat,TN,2022-02-02 22:28:58,36.5418,9.6633,55.62,81,75,20.56
461,Yantal,RU,2022-02-02 22:28:59,56.8471,105.2542,-11.06,100,92,2.19
462,Mina,MX,2022-02-02 22:28:59,26.0011,-100.5299,93.9,22,0,12.5
463,Chiredzi,ZW,2022-02-02 22:29:59,-21.05,31.6667,75.83,61,8,5.44
464,Vaitape,PF,2022-02-02 22:30:00,-16.5167,-151.75,81.03,72,20,20.04
465,Manta,EC,2022-02-02 22:30:00,-0.95,-80.7333,80.38,74,75,9.22
466,Catia La Mar,VE,2022-02-02 22:30:01,10.6038,-67.0303,82.6,74,40,5.75
467,Bolivar,US,2022-02-02 22:30:02,37.6145,-93.4105,23.07,89,100,15.99
468,Valkla,EE,2022-02-02 22:30:03,59.4744,25.3186,24.15,89,100,3.67
469,Ekuvukeni,ZA,2022-02-02 22:30:04,-28.4675,30.1551,68.45,79,0,4.27
470,Touros,BR,2022-02-02 22:30:04,-5.1989,-35.4608,83.3,72,33,12.86
471,Ampanihy,MG,2022-02-02 22:30:05,-24.7,44.75,71.1,73,0,9.82
472,Mauguio,FR,2022-02-02 22:30:06,43.6181,4.0074,51.67,68,0,9.22
473,Namatanai,PG,2022-02-02 22:30:07,-3.6667,152.4333,80.24,80,100,8.14
474,Russell,US,2022-02-02 22:27:41,32.3502,-85.1999,70.88,47,20,16.11
475,Tuatapere,NZ,2022-02-02 22:30:08,-46.1333,167.6833,58.82,81,100,7.2
476,Sao Filipe,CV,2022-02-02 22:28:02,14.8961,-24.4956,75.78,65,3,17.96
477,Hay River,CA,2022-02-02 22:29:27,60.8156,-115.7999,-14.82,64,0,3.44
478,Omsukchan,RU,2022-02-02 22:30:09,62.5333,155.8,-12.73,99,100,5.64
479,Jamame,SO,2022-02-02 22:30:09,0.0722,42.7506,77.67,87,100,10.6
480,Korla,CN,2022-02-02 22:30:10,41.7597,86.1469,22.39,58,11,6.26
481,Lima,PE,2022-02-02 22:30:10,-12.0432,-77.0282,73.65,60,0,14.97
482,Harrai,IN,2022-02-02 22:30:11,22.6167,79.2167,61.99,42,0,5.77
483,Naron,ES,2022-02-02 22:30:11,43.5167,-8.1528,54.59,81,95,5.75
484,Kununurra,AU,2022-02-02 22:30:12,-15.7667,128.7333,76.98,88,40,5.75
485,Komsomolskiy,UZ,2022-02-02 22:27:55,40.4272,71.7189,38.12,87,75,4.61
486,Newport,GB,2022-02-02 22:29:32,51.5877,-2.9984,49.24,87,100,7.67
487,Guayaramerin,BO,2022-02-02 22:30:14,-10.8368,-65.3614,73.17,97,92,2.59
488,Mildura,AU,2022-02-02 22:30:14,-34.2,142.15,61.07,59,0,12.66
489,Rocha,UY,2022-02-02 22:26:27,-34.4833,-54.3333,75.36,71,0,12.46
490,Port Pirie,AU,2022-02-02 22:30:15,-33.1833,138.0167,64.49,53,0,12.01
491,Sacramento,US,2022-02-02 22:27:16,38.4666,-121.3177,61.29,28,0,8.99
492,Kemijarvi,FI,2022-02-02 22:28:30,66.7131,27.4306,10.98,96,100,3.78
493,Almaznyy,RU,2022-02-02 22:30:16,48.0448,40.045,42.94,99,100,14.12
494,Nuristan,AF,2022-02-02 22:30:16,35.3,70.8333,-0.31,69,76,17.16
495,Kinangan,PH,2022-02-02 22:30:16,6.3014,125.585,73.98,86,100,4.92
496,Ndele,CF,2022-02-02 22:30:17,8.4109,20.6473,74.61,20,31,4.07
497,Troy,US,2022-02-02 22:30:01,42.6056,-83.1499,31.71,94,100,1.99
498,Takoradi,GH,2022-02-02 22:30:17,4.8845,-1.7554,80.02,81,1,9.28
499,Maceio,BR,2022-02-02 22:30:18,-9.6658,-35.7353,81.84,78,0,9.22
500,Sai Buri,TH,2022-02-02 22:30:18,6.7013,101.6168,76.26,87,45,9.66
501,Ilulissat,GL,2022-02-02 22:27:50,69.2167,-51.1,-0.38,60,20,25.32
502,Turukhansk,RU,2022-02-02 22:30:18,65.8167,87.9833,-0.69,97,99,6.08
503,Zuhres,UA,2022-02-02 22:30:19,48.0114,38.2644,37.06,100,100,7.83
504,Kysyl-Syr,RU,2022-02-02 22:30:19,63.8986,122.7617,-14.76,98,100,4.97
505,Ugoofaaru,MV,2022-02-02 22:30:20,5.6667,73.0,81.19,71,19,6.67
506,Ha Giang,VN,2022-02-02 22:30:20,22.8333,104.9833,52.21,92,100,0.98
507,Chernyy Yar,RU,2022-02-02 22:30:21,48.0624,46.1091,32.49,93,100,11.61
508,Balagansk,RU,2022-02-02 22:30:21,54.0103,103.0544,-19.03,100,82,1.66
509,Bardsir,IR,2022-02-02 22:31:21,29.9227,56.5743,26.65,44,0,2.68
510,Hobyo,SO,2022-02-02 22:31:22,5.3505,48.5268,78.3,70,93,19.98
511,Tabou,CI,2022-02-02 22:31:22,4.423,-7.3528,79.0,81,68,8.05
512,Morehead,US,2022-02-02 22:31:22,37.2711,-87.1764,51.15,96,100,0.0
513,Muisne,EC,2022-02-02 22:31:23,0.6,-80.0333,78.91,83,57,6.11
514,Solnechnyy,RU,2022-02-02 22:31:23,50.7214,136.6319,-7.1,99,96,2.55
515,Tarauaca,BR,2022-02-02 22:29:33,-8.1614,-70.7656,77.27,93,81,0.36
516,Matara,LK,2022-02-02 22:31:24,5.9485,80.5353,70.84,89,4,6.53
517,Puerto Escondido,MX,2022-02-02 22:29:21,15.85,-97.0667,83.23,74,20,8.05
518,Sisimiut,GL,2022-02-02 22:31:09,66.9395,-53.6735,0.07,79,100,19.93
519,Mahon,ES,2022-02-02 22:31:24,39.8885,4.2658,48.76,81,0,3.44
520,Bundaberg,AU,2022-02-02 22:31:25,-24.85,152.35,81.21,82,100,3.0
521,Ihosy,MG,2022-02-02 22:31:25,-22.4,46.1167,63.68,94,34,9.84
522,Acajutla,SV,2022-02-02 22:31:25,13.5928,-89.8275,84.79,65,5,5.55
523,Ibra,OM,2022-02-02 22:31:26,22.6906,58.5334,65.34,44,0,8.37
524,Dembi Dolo,ET,2022-02-02 22:31:26,8.5333,34.8,65.25,43,96,3.31
525,Fochville,ZA,2022-02-02 22:31:26,-26.4886,27.4939,71.47,67,49,2.73
526,Kremenki,RU,2022-02-02 22:31:27,54.885,37.1261,20.3,97,100,3.53
527,Aloleng,PH,2022-02-02 22:31:28,16.1307,119.7824,75.42,74,7,9.93
528,Novokruchininskiy,RU,2022-02-02 22:31:28,51.7833,113.7667,-31.27,100,19,3.33
529,Kalmunai,LK,2022-02-02 22:31:28,7.4167,81.8167,75.18,73,83,3.83
530,Surt,LY,2022-02-02 22:31:29,31.2089,16.5887,55.18,75,81,23.96
531,Kutum,SD,2022-02-02 22:31:29,14.2,24.6667,65.14,22,39,9.91
532,San Jose,US,2022-02-02 22:29:31,37.3394,-121.895,64.67,22,20,5.99
533,Puerto Quijarro,BO,2022-02-02 22:31:29,-17.7833,-57.7667,75.9,95,100,2.15
534,Pallisa,UG,2022-02-02 22:31:30,1.145,33.7094,71.29,71,100,5.21
535,Genhe,CN,2022-02-02 22:31:30,50.7833,121.5167,-23.24,100,53,1.48
536,Farafangana,MG,2022-02-02 22:31:30,-22.8167,47.8333,73.94,79,31,6.46
537,Severo-Yeniseyskiy,RU,2022-02-02 22:31:31,60.3725,93.0408,10.92,94,100,5.35
538,Wajima,JP,2022-02-02 22:31:31,37.4,136.9,40.64,68,100,22.26
539,Khani,GE,2022-02-02 22:31:31,41.9563,42.9566,38.77,74,98,10.13
540,Portland,US,2022-02-02 22:27:05,45.5234,-122.6762,46.62,92,100,1.99
541,Ucluelet,CA,2022-02-02 22:28:43,48.9329,-125.5528,42.1,89,100,1.01
542,Maple Creek,CA,2022-02-02 22:31:32,49.9168,-109.4848,1.45,55,88,9.22
543,Novaya Igirma,RU,2022-02-02 22:31:32,57.1334,103.9112,-16.13,100,92,2.04
544,Dauriya,RU,2022-02-02 22:31:32,49.9333,116.8667,-26.41,100,26,2.01
545,Shirokiy,RU,2022-02-02 22:27:21,49.758,129.523,-23.89,100,23,4.88
546,Ulladulla,AU,2022-02-02 22:31:33,-35.35,150.4667,66.78,61,88,13.73
547,Gorin,RU,2022-02-02 22:31:33,51.1983,136.6669,-17.05,100,98,1.7
548,Port Hueneme,US,2022-02-02 22:31:33,34.1478,-119.1951,67.78,15,0,23.02
549,Nome,US,2022-02-02 22:29:08,64.5011,-165.4064,10.47,57,0,35.68
